shorthand,fulltext
th qk brwn fx jmps ovr th lzy dg,the quick brown fox jumps over the lazy dog
th qk brwn fx jmps ovr lzy dg,the quick brown fox jumps over the lazy dog
th qk brwn fx jmps ovr lzy dog,the quick brown fox jumps over the lazy dog
th qk brwn fx jmps ovr lazy dg,the quick brown fox jumps over the lazy dog
th qk brwn fx jmps ovr lazy dog,the quick brown fox jumps over the lazy dog
th qk brwn fx jumps ovr lzy dg,the quick brown fox jumps over the lazy dog
th qk brwn fx jumps ovr lzy dog,the quick brown fox jumps over the lazy dog
th qk brwn fx jumps ovr lazy dg,the quick brown fox jumps over the lazy dog
th qk brwn fx jumps ovr lazy dog,the quick brown fox jumps over the lazy dog
th qk brn fx jmps ovr lzy dg,the quick brown fox jumps over the lazy dog
th qk brn fx jmps ovr lzy dog,the quick brown fox jumps over the lazy dog
th qk brn fx jmps ovr lazy dg,the quick brown fox jumps over the lazy dog
th qk brn fx jmps ovr lazy dog,the quick brown fox jumps over the lazy dog
th qk brn fx jumps ovr lzy dg,the quick brown fox jumps over the lazy dog
th qk brn fx jumps ovr lzy dog,the quick brown fox jumps over the lazy dog
th qk brn fx jumps ovr lazy dg,the quick brown fox jumps over the lazy dog
th qk brn fx jumps ovr lazy dog,the quick brown fox jumps over the lazy dog
th qck brwn fx jmps ovr lzy dg,the quick brown fox jumps over the lazy dog
th qck brwn fx jmps ovr lzy dog,the quick brown fox jumps over the lazy dog
th qck brwn fx jmps ovr lazy dg,the quick brown fox jumps over the lazy dog
th qck brwn fx jmps ovr lazy dog,the quick brown fox jumps over the lazy dog
th qck brwn fx jumps ovr lzy dg,the quick brown fox jumps over the lazy dog
th qck brwn fx jumps ovr lzy dog,the quick brown fox jumps over the lazy dog
th qck brwn fx jumps ovr lazy dg,the quick brown fox jumps over the lazy dog
th qck brwn fx jumps ovr lazy dog,the quick brown fox jumps over the lazy dog
th qck brn fx jmps ovr lzy dg,the quick brown fox jumps over the lazy dog
th qck brn fx jmps ovr lzy dog,the quick brown fox jumps over the lazy dog
th qck brn fx jmps ovr lazy dg,the quick brown fox jumps over the lazy dog
th qck brn fx jmps ovr lazy dog,the quick brown fox jumps over the lazy dog
th qck brn fx jumps ovr lzy dg,the quick brown fox jumps over the lazy dog
th qck brn fx jumps ovr lzy dog,the quick brown fox jumps over the lazy dog
th qck brn fx jumps ovr lazy dg,the quick brown fox jumps over the lazy dog
th qck brn fx jumps ovr lazy dog,the quick brown fox jumps over the lazy dog
th quik brwn fx jmps ovr lzy dg,the quick brown fox jumps over the lazy dog
th quik brwn fx jmps ovr lzy dog,the quick brown fox jumps over the lazy dog
th quik brwn fx jmps ovr lazy dg,the quick brown fox jumps over the lazy dog
th quik brwn fx jmps ovr lazy dog,the quick brown fox jumps over the lazy dog
th quik brwn fx jumps ovr lzy dg,the quick brown fox jumps over the lazy dog
th quik brwn fx jumps ovr lzy dog,the quick brown fox jumps over the lazy dog
th quik brwn fx jumps ovr lazy dg,the quick brown fox jumps over the lazy dog
th quik brwn fx jumps ovr lazy dog,the quick brown fox jumps over the lazy dog
th quik brn fx jmps ovr lzy dg,the quick brown fox jumps over the lazy dog
th quik brn fx jmps ovr lzy dog,the quick brown fox jumps over the lazy dog
th quik brn fx jmps ovr lazy dg,the quick brown fox jumps over the lazy dog
th quik brn fx jmps ovr lazy dog,the quick brown fox jumps over the lazy dog
th quik brn fx jumps ovr lzy dg,the quick brown fox jumps over the lazy dog
th quik brn fx jumps ovr lzy dog,the quick brown fox jumps over the lazy dog
th quik brn fx jumps ovr lazy dg,the quick brown fox jumps over the lazy dog
th quik brn fx jumps ovr lazy dog,the quick brown fox jumps over the lazy dog
wht,what
wt,what
wat,what
yr,your
ur,your
yor,your
pls,please
plz,please
plse,please
thx,thanks
thks,thanks
thnx,thanks
gd,good
gud,good
good,good
grt,great
gr8,great
great,great
hw r u,how are you
how r u,how are you
hw are u,how are you
brb,be right back
b rght bk,be right back
be rt bk,be right back
asap,as soon as possible
as sn as psbl,as soon as possible
asap psbl,as soon as possible
imo,in my opinion
in my opn,in my opinion
n my opn,in my opinion
func,function
fn,function
fnctn,function
param,parameter
prm,parameter
prmtr,parameter
var,variable
vr,variable
vrbl,variable
impl,implementation
impln,implementation
implmtn,implementation
i nd to fx ths asap,i need to fix this as soon as possible
cn u hlp w the impl,can you help with the implementation
yr func is nt wrkng,your function is not working
gd wrk on the prjct,good work on the project
